NAME,PARENT,GRAPH_TYPE,GOD_ONLY,IS_TITLE,IS_PROFESSION,IS_HIDDEN,MONEY_REQUIRED,POINTS_REQUIRED,SKILLS_REQUIRED_COUNT,SKILLS_REQUIRED,PRECLUSION_SKILLS,XP_TYPE,XP_COST,XP_CAP,MISSION_REQUIRED,APPRENTICESHIPS_REQUIRED,STATS_REQUIRED,SPECIES_REQUIRED,JEDI_STATE_REQUIRED,SKILL_ABILITY,COMMANDS,SKILL_MODS,SCHEMATICS_GRANTED,SCHEMATICS_REQUIRED,SEARCHABLE,ENDER
outdoors,,4,TRUE,FALSE,FALSE,FALSE,0,0,0,,,,0,0,,0,,,0,,,,,,TRUE,0
outdoors_scout,outdoors,4,FALSE,FALSE,TRUE,FALSE,0,0,0,,,,0,0,,0,,,0,,,,,,TRUE,0
outdoors_scout_novice,outdoors_scout,4,FALSE,TRUE,FALSE,FALSE,100,10,0,,,,0,0,,0,,,0,,"private_scout_novice,harvestCorpse","trapping=5,camp=5,creature_knowledge=5,creature_harvesting=15","craftScoutCampGroupA,craftScoutTrapGroupNovice",,TRUE,0
outdoors_scout_master,outdoors_scout,4,FALSE,TRUE,FALSE,FALSE,2500,6,0,"outdoors_scout_movement_04,outdoors_scout_tools_04,outdoors_scout_harvest_04,outdoors_scout_camp_04",,,0,0,,0,,,0,,private_scout_master,"rev_evade=1, slope_move=10,burst_run=10,camp=10,foraging=15,creature_knowledge=10,creature_harvesting=5,mask_scent=30,trapping=20",,,TRUE,0
outdoors_scout_movement_01,outdoors_scout,4,FALSE,FALSE,FALSE,FALSE,500,2,0,outdoors_scout_novice,,scout,1000,10000,,0,,,0,,private_scout_movement_1,slope_move=20,,,TRUE,0
outdoors_scout_movement_02,outdoors_scout_movement_01,4,FALSE,FALSE,FALSE,FALSE,1000,3,0,outdoors_scout_movement_01,,scout,5000,20000,,0,,,0,,"private_scout_movement_2,maskscent","burst_run=20,mask_scent=20",,,TRUE,0
outdoors_scout_movement_03,outdoors_scout_movement_02,4,FALSE,FALSE,FALSE,FALSE,1500,4,0,outdoors_scout_movement_02,,scout,10000,30000,,0,,,0,,private_scout_movement_3,"slope_move=20,mask_scent=20",,,TRUE,0
outdoors_scout_movement_04,outdoors_scout_movement_03,4,FALSE,TRUE,FALSE,FALSE,2000,5,0,outdoors_scout_movement_03,,scout,15000,30000,,0,,,0,,private_scout_movement_4,"burst_run=20,mask_scent=30",,,TRUE,0
outdoors_scout_tools_01,outdoors_scout,4,FALSE,FALSE,FALSE,FALSE,500,1,0,outdoors_scout_novice,,trapping,1000,10000,,0,,,0,,private_scout_tools_1,"trapping=5,melee_defense=2",craftScoutTrapGroupA,,TRUE,0
outdoors_scout_tools_02,outdoors_scout_tools_01,4,FALSE,FALSE,FALSE,FALSE,1000,2,0,outdoors_scout_tools_01,,trapping,5000,20000,,0,,,0,,private_scout_tools_2,"trapping=5,melee_defense=2",craftScoutTrapGroupB,,TRUE,0
outdoors_scout_tools_03,outdoors_scout_tools_02,4,FALSE,FALSE,FALSE,FALSE,1500,3,0,outdoors_scout_tools_02,,trapping,10000,30000,,0,,,0,,private_scout_tools_3,"trapping=5,melee_defense=2",craftScoutTrapGroupC,,TRUE,0
outdoors_scout_tools_04,outdoors_scout_tools_03,4,FALSE,TRUE,FALSE,FALSE,2000,4,0,outdoors_scout_tools_03,,trapping,15000,30000,,0,,,0,,private_scout_tools_4,"trapping=10,melee_defense=2",craftScoutTrapGroupD,,TRUE,0
outdoors_scout_harvest_01,outdoors_scout,4,FALSE,FALSE,FALSE,FALSE,500,2,0,outdoors_scout_novice,,scout,1000,10000,,0,,,0,,private_scout_harvest_1,"creature_knowledge=5,creature_harvesting=5",,,TRUE,0
outdoors_scout_harvest_02,outdoors_scout_harvest_01,4,FALSE,FALSE,FALSE,FALSE,1000,3,0,outdoors_scout_harvest_01,,scout,5000,20000,,0,,,0,,private_scout_harvest_2,"creature_knowledge=10,creature_harvesting=10,creature_hit_bonus=10",,,TRUE,0
outdoors_scout_harvest_03,outdoors_scout_harvest_02,4,FALSE,FALSE,FALSE,FALSE,1500,4,0,outdoors_scout_harvest_02,,scout,10000,30000,,0,,,0,,private_scout_harvest_3,"creature_knowledge=10,creature_harvesting=5",,,TRUE,0
outdoors_scout_harvest_04,outdoors_scout_harvest_03,4,FALSE,TRUE,FALSE,FALSE,2000,5,0,outdoors_scout_harvest_03,,scout,15000,30000,,0,,,0,,private_scout_harvest_4,"creature_knowledge=10,creature_harvesting=10",,,TRUE,0
outdoors_scout_camp_01,outdoors_scout,4,FALSE,FALSE,FALSE,FALSE,500,1,0,outdoors_scout_novice,,camp,1000,10000,,0,,,0,,"private_scout_camp_1,forage","camp=5,foraging=5",,,TRUE,0
outdoors_scout_camp_02,outdoors_scout_camp_01,4,FALSE,FALSE,FALSE,FALSE,1000,2,0,outdoors_scout_camp_01,,camp,5000,20000,,0,,,0,,private_scout_camp_2,"camp=10,foraging=10",craftScoutCampGroupB,,TRUE,0
outdoors_scout_camp_03,outdoors_scout_camp_02,4,FALSE,FALSE,FALSE,FALSE,1500,3,0,outdoors_scout_camp_02,,camp,10000,40000,,0,,,0,,private_scout_camp_3,"camp=10,foraging=10",,,TRUE,0
outdoors_scout_camp_04,outdoors_scout_camp_03,4,FALSE,TRUE,FALSE,FALSE,2000,4,0,outdoors_scout_camp_03,,camp,20000,40000,,0,,,0,,private_scout_camp_4,"camp=10,foraging=10",craftScoutCampGroupC,,TRUE,0
science,,4,TRUE,FALSE,FALSE,FALSE,0,0,0,,,,0,0,,0,,,0,,,,,,TRUE,0
science_medic,science,4,FALSE,FALSE,TRUE,FALSE,0,0,0,,,,0,0,,0,,,0,,,,,,TRUE,0
science_medic_novice,science_medic,4,FALSE,TRUE,FALSE,FALSE,100,10,0,,,,0,0,,0,,,0,,"private_medic_novice,healDamage,healWound,medicalForage,tendWound,tendDamage,diagnose","rev_evade=1,healing_injury_treatment=5,healing_wound_treatment=5,healing_ability=5,healing_injury_speed=5,medicine_assembly=10,medicine_experimentation=10,medical_foraging=10","craftMedicineComponentGroupA,craftMedicineStimpackGroupA",,TRUE,0
science_medic_master,science_medic,4,FALSE,TRUE,FALSE,FALSE,2500,6,0,"science_medic_injury_04,science_medic_injury_speed_04,science_medic_ability_04,science_medic_crafting_04",,,0,0,,0,,,0,,private_medic_master,"healing_injury_treatment=25,healing_ability=10,medical_foraging=25,melee_defense=5,ranged_defense=5",craftMedicineStimpackGroupD,,TRUE,0
science_medic_injury_01,science_medic,4,FALSE,FALSE,FALSE,FALSE,500,2,0,science_medic_novice,,medical,1000,10000,,0,,,0,,private_medic_injury_1,healing_injury_treatment=15,,,TRUE,0
science_medic_injury_02,science_medic_injury_01,4,FALSE,FALSE,FALSE,FALSE,1000,3,0,science_medic_injury_01,,medical,5000,20000,,0,,,0,,"private_medic_injury_2,firstAid",healing_injury_treatment=15,,,TRUE,0
science_medic_injury_03,science_medic_injury_02,4,FALSE,FALSE,FALSE,FALSE,1500,4,0,science_medic_injury_02,,medical,10000,30000,,0,,,0,,private_medic_injury_3,healing_injury_treatment=15,,,TRUE,0
science_medic_injury_04,science_medic_injury_03,4,FALSE,TRUE,FALSE,FALSE,2000,5,0,science_medic_injury_03,,medical,15000,30000,,0,,,0,,"private_medic_injury_4,quickHeal",healing_injury_treatment=25,,,TRUE,0
science_medic_injury_speed_01,science_medic,4,FALSE,FALSE,FALSE,FALSE,500,2,0,science_medic_novice,,medical,1000,10000,,0,,,0,,private_medic_speed_1,healing_injury_speed=15,,,TRUE,0
science_medic_injury_speed_02,science_medic_injury_speed_01,4,FALSE,FALSE,FALSE,FALSE,1000,3,0,science_medic_injury_speed_01,,medical,5000,20000,,0,,,0,,"private_medic_speed_2,dragIncapacitatedPlayer",healing_injury_speed=15,,,TRUE,0
science_medic_injury_speed_03,science_medic_injury_speed_02,4,FALSE,FALSE,FALSE,FALSE,1500,4,0,science_medic_injury_speed_02,,medical,10000,30000,,0,,,0,,private_medic_speed_3,healing_injury_speed=15,,,TRUE,0
science_medic_injury_speed_04,science_medic_injury_speed_03,4,FALSE,TRUE,FALSE,FALSE,2000,5,0,science_medic_injury_speed_03,,medical,15000,30000,,0,,,0,,private_medic_speed_4,healing_injury_speed=25,,,TRUE,0
science_medic_ability_01,science_medic,4,FALSE,FALSE,FALSE,FALSE,500,2,0,science_medic_novice,,medical,1000,10000,,0,,,0,,private_medic_ability_1,"healing_ability=5,medical_foraging=15,melee_defense=2,ranged_defense=2",,,TRUE,0
science_medic_ability_02,science_medic_ability_01,4,FALSE,FALSE,FALSE,FALSE,1000,3,0,science_medic_ability_01,,medical,5000,20000,,0,,,0,,private_medic_ability_2,"healing_ability=10,medical_foraging=15,melee_defense=3,ranged_defense=3",,,TRUE,0
science_medic_ability_03,science_medic_ability_02,4,FALSE,FALSE,FALSE,FALSE,1500,4,0,science_medic_ability_02,,medical,10000,30000,,0,,,0,,private_medic_ability_3,"healing_ability=10,medical_foraging=15,melee_defense=3,ranged_defense=3",,,TRUE,0
science_medic_ability_04,science_medic_ability_03,4,FALSE,TRUE,FALSE,FALSE,2000,5,0,science_medic_ability_03,,medical,15000,30000,,0,,,0,,private_medic_ability_4,"healing_ability=10,medical_foraging=20,melee_defense=4,ranged_defense=4",,,TRUE,0
science_medic_crafting_01,science_medic,4,FALSE,FALSE,FALSE,FALSE,500,2,0,science_medic_novice,,crafting_medicine_general,500,2000,,0,,,0,,private_medic_crafting_1,"medicine_assembly=10,medicine_experimentation=10",craftMedpackGroupA,,TRUE,0
science_medic_crafting_02,science_medic_crafting_01,4,FALSE,FALSE,FALSE,FALSE,1000,3,0,science_medic_crafting_01,,crafting_medicine_general,1000,6000,,0,,,0,,private_medic_crafting_2,"medicine_assembly=10,medicine_experimentation=10","craftMedicineComponentGroupB,craftMedicineStimpackGroupB",,TRUE,0
science_medic_crafting_03,science_medic_crafting_02,4,FALSE,FALSE,FALSE,FALSE,1500,4,0,science_medic_crafting_02,,crafting_medicine_general,3000,12000,,0,,,0,,private_medic_crafting_3,"medicine_assembly=10,medicine_experimentation=10","craftMedpackBGroupA,craftMedpackGroupB",,TRUE,0
science_medic_crafting_04,science_medic_crafting_03,4,FALSE,TRUE,FALSE,FALSE,2000,5,0,science_medic_crafting_03,,crafting_medicine_general,6000,17500,,0,,,0,,private_medic_crafting_4,"medicine_assembly=10,medicine_experimentation=10","craftMedicineStimpackGroupC,craftMedicineComponentGroupD,craftMedpackBGroupB",,TRUE,0
crafting,,4,TRUE,FALSE,FALSE,FALSE,0,0,0,,,,0,0,,0,,,0,,,,,,TRUE,0
crafting_artisan,crafting,4,FALSE,FALSE,TRUE,FALSE,0,0,0,,,,0,0,,0,,,0,,,,,,TRUE,0
crafting_artisan_novice,crafting_artisan,4,FALSE,TRUE,FALSE,FALSE,100,15,0,,,,0,0,,0,,,0,,"private_artisan_novice,sample,survey","surveying=20,general_assembly=20,general_experimentation=20,clothing_customization=20,armor_customization=20","craftArtisanNewbieGroupA,craftArtisanNewbieGroupB,craftArtisanSurveyGroupA",,TRUE,0
crafting_artisan_master,crafting_artisan,4,FALSE,TRUE,FALSE,FALSE,2500,6,0,"crafting_artisan_engineering_04,crafting_artisan_domestic_04,crafting_artisan_business_04,crafting_artisan_survey_04",,,0,0,,0,,,0,,"private_artisan_master,customizeVehicle",,"craftArtisanMasterGroupA,craftArtisanVehicle",,TRUE,0
crafting_artisan_engineering_01,crafting_artisan,4,FALSE,FALSE,FALSE,FALSE,500,2,0,crafting_artisan_novice,,crafting_general,500,2000,,0,,,0,,private_artisan_engineering_1,"general_assembly=10,general_experimentation=10,armor_customization=20","craftArtisanEngineeringGroupA,craftArtisanToolGroupA",,TRUE,0
crafting_artisan_engineering_02,crafting_artisan_engineering_01,4,FALSE,FALSE,FALSE,FALSE,1000,3,0,crafting_artisan_engineering_01,,crafting_general,1000,6000,,0,,,0,,private_artisan_engineering_2,"general_assembly=10,general_experimentation=10,armor_customization=20",craftArtisanEngineeringGroupB,,TRUE,0
crafting_artisan_engineering_03,crafting_artisan_engineering_02,4,FALSE,FALSE,FALSE,FALSE,1500,4,0,crafting_artisan_engineering_02,,crafting_general,3000,12000,,0,,,0,,private_artisan_engineering_3,"general_assembly=10,general_experimentation=10,armor_customization=20",craftArtisanEngineeringGroupC,,TRUE,0
crafting_artisan_engineering_04,crafting_artisan_engineering_03,4,FALSE,TRUE,FALSE,FALSE,2000,5,0,crafting_artisan_engineering_03,,crafting_general,6000,50000,,0,,,0,,private_artisan_engineering_4,"general_assembly=10,general_experimentation=10,armor_customization=20",craftArtisanEngineeringGroupD,,TRUE,0
crafting_artisan_domestic_01,crafting_artisan,4,FALSE,FALSE,FALSE,FALSE,500,2,0,crafting_artisan_novice,,crafting_general,500,2000,,0,,,0,,private_artisan_domestic_1,"general_assembly=10,general_experimentation=10,clothing_customization=20",craftArtisanDomesticGroupA,,TRUE,0
crafting_artisan_domestic_02,crafting_artisan_domestic_01,4,FALSE,FALSE,FALSE,FALSE,1000,3,0,crafting_artisan_domestic_01,,crafting_general,1000,6000,,0,,,0,,private_artisan_domestic_2,"general_assembly=10,general_experimentation=10,clothing_customization=20",craftArtisanDomesticGroupB,,TRUE,0
crafting_artisan_domestic_03,crafting_artisan_domestic_02,4,FALSE,FALSE,FALSE,FALSE,1500,4,0,crafting_artisan_domestic_02,,crafting_general,3000,12000,,0,,,0,,private_artisan_domestic_3,"general_assembly=10,general_experimentation=10,clothing_customization=20",craftArtisanDomesticGroupC,,TRUE,0
crafting_artisan_domestic_04,crafting_artisan_domestic_03,4,FALSE,TRUE,FALSE,FALSE,2000,5,0,crafting_artisan_domestic_03,,crafting_general,6000,50000,,0,,,0,,private_artisan_domestic_4,"general_assembly=10,general_experimentation=10,clothing_customization=20",craftArtisanDomesticGroupD,,TRUE,0
crafting_artisan_business_01,crafting_artisan,4,FALSE,FALSE,FALSE,FALSE,500,2,0,crafting_artisan_novice,,crafting_general,500,2000,,0,,,0,,"private_artisan_business_1,access_fee",,,,TRUE,0
crafting_artisan_business_02,crafting_artisan_business_01,4,FALSE,FALSE,FALSE,FALSE,1000,3,0,crafting_artisan_business_01,,crafting_general,1000,6000,,0,,,0,,"private_artisan_business_2,premium_auctions",,,,TRUE,0
crafting_artisan_business_03,crafting_artisan_business_02,4,FALSE,FALSE,FALSE,FALSE,1500,4,0,crafting_artisan_business_02,,crafting_general,3000,12000,,0,,,0,,private_artisan_business_3,"manage_vendor=1,hiring=10,vendor_item_limit=100",,,TRUE,0
crafting_artisan_business_04,crafting_artisan_business_03,4,FALSE,TRUE,FALSE,FALSE,2000,5,0,crafting_artisan_business_03,,crafting_general,6000,50000,,0,,,0,,private_artisan_business_4,"manage_vendor=1,hiring=10,vendor_item_limit=150",,,TRUE,0
crafting_artisan_survey_01,crafting_artisan,4,FALSE,FALSE,FALSE,FALSE,500,2,0,crafting_artisan_novice,,resource_harvesting_inorganic,500,5000,,0,,,0,,private_artisan_survey_1,surveying=15,,,TRUE,0
crafting_artisan_survey_02,crafting_artisan_survey_01,4,FALSE,FALSE,FALSE,FALSE,1000,3,0,crafting_artisan_survey_01,,resource_harvesting_inorganic,2500,10000,,0,,,0,,private_artisan_survey_2,surveying=20,,,TRUE,0
crafting_artisan_survey_03,crafting_artisan_survey_02,4,FALSE,FALSE,FALSE,FALSE,1500,4,0,crafting_artisan_survey_02,,resource_harvesting_inorganic,5000,20000,,0,,,0,,private_artisan_survey_3,surveying=20,,,TRUE,0
crafting_artisan_survey_04,crafting_artisan_survey_03,4,FALSE,TRUE,FALSE,FALSE,2000,5,0,crafting_artisan_survey_03,,resource_harvesting_inorganic,10000,20000,,0,,,0,,private_artisan_survey_4,surveying=25,,,TRUE,0
combat,,4,TRUE,FALSE,FALSE,FALSE,0,0,0,,,,0,0,,0,,,0,,,,,,TRUE,0
combat_brawler,combat,4,FALSE,FALSE,TRUE,FALSE,0,0,0,,,,0,0,,0,,,0,,,,,,TRUE,0
combat_brawler_novice,combat_brawler,4,FALSE,TRUE,FALSE,FALSE,100,10,0,,,,0,0,,0,,,0,,"private_brawler_novice,polearmLunge1,unarmedLunge1,melee1hLunge1,melee2hLunge1,taunt,warcry1,intimidate1,berserk1,cert_knife_dagger,centerOfBeing","rev_evade=1,unarmed_accuracy=10,unarmed_damage=15,unarmed_speed=5,polearm_accuracy=10,polearm_speed=5,onehandmelee_accuracy=10,onehandmelee_speed=5,twohandmelee_accuracy=10,twohandmelee_speed=5,private_onehandmelee_combat_difficulty=100,private_twohandmelee_combat_difficulty=100,private_unarmed_combat_difficulty=100,private_polearm_combat_difficulty=100,taunt=10,unarmed_center_of_being_efficacy=10,polearm_center_of_being_efficacy=10,onehandmelee_center_of_being_efficacy=10,twohandmelee_center_of_being_efficacy=10,center_of_being_duration_unarmed=5,center_of_being_duration_onehandmelee=5,center_of_being_duration_twohandmelee=5,center_of_being_duration_polearm=5",,,TRUE,0
combat_brawler_master,combat_brawler,4,FALSE,TRUE,FALSE,FALSE,2500,6,0,"combat_brawler_unarmed_04,combat_brawler_1handmelee_04,combat_brawler_2handmelee_04,combat_brawler_polearm_04",,,0,0,,0,,,0,,"private_brawler_master,polearmLunge2,unarmedLunge2,melee1hLunge2,melee2hLunge2,warcry2,intimidate2,berserk2","warcry=20,intimidate=20,berserk=20,unarmed_accuracy=5,unarmed_speed=5,onehandmelee_speed=5,onehandmelee_accuracy=5,twohandmelee_speed=5,twohandmelee_accuracy=5,polearm_speed=5,polearm_accuracy=5,melee_defense=5,ranged_defense=5,private_onehandmelee_combat_difficulty=100,private_twohandmelee_combat_difficulty=100,private_unarmed_combat_difficulty=100,private_polearm_combat_difficulty=100,taunt=30,polearm_toughness=5,onehandmelee_toughness=5,twohandmelee_toughness=5,unarmed_toughness=5,unarmed_center_of_being_efficacy=10,polearm_center_of_being_efficacy=10,onehandmelee_center_of_being_efficacy=10,twohandmelee_center_of_being_efficacy=10,center_of_being_duration_onehandmelee=5,center_of_being_duration_twohandmelee=5,center_of_being_duration_polearm=5",,,TRUE,0
combat_brawler_unarmed_01,combat_brawler,4,FALSE,FALSE,FALSE,FALSE,500,2,0,combat_brawler_novice,,combat_meleespecialize_unarmed,500,10000,,0,,,0,,"private_brawler_unarmed_1,unarmedHit1","unarmed_speed=5,unarmed_accuracy=10,private_unarmed_combat_difficulty=100,unarmed_damage=5,unarmed_center_of_being_efficacy=10,center_of_being_duration_unarmed=2",,,TRUE,0
combat_brawler_unarmed_02,combat_brawler_unarmed_01,4,FALSE,FALSE,FALSE,FALSE,1000,3,0,combat_brawler_unarmed_01,,combat_meleespecialize_unarmed,2500,30000,,0,,,0,,"private_brawler_unarmed_2,unarmedStun1","unarmed_speed=5,unarmed_accuracy=10,private_unarmed_combat_difficulty=100,unarmed_damage=10,unarmed_center_of_being_efficacy=10,center_of_being_duration_unarmed=2",,,TRUE,0
combat_brawler_unarmed_03,combat_brawler_unarmed_02,4,FALSE,FALSE,FALSE,FALSE,1500,4,0,combat_brawler_unarmed_02,,combat_meleespecialize_unarmed,7500,140000,,0,,,0,,"private_brawler_unarmed_3,unarmedBlind1","unarmed_speed=5,unarmed_accuracy=10,private_unarmed_combat_difficulty=100,unarmed_toughness=10,unarmed_damage=10,unarmed_center_of_being_efficacy=5,center_of_being_duration_unarmed=2",,,TRUE,0
combat_brawler_unarmed_04,combat_brawler_unarmed_03,4,FALSE,TRUE,FALSE,FALSE,2000,5,0,combat_brawler_unarmed_03,,combat_meleespecialize_unarmed,35000,200000,,0,,,0,,"private_brawler_unarmed_4,unarmedSpinAttack1","unarmed_speed=5,unarmed_accuracy=10,melee_defense=2,private_unarmed_combat_difficulty=100,unarmed_toughness=10,unarmed_damage=10,unarmed_center_of_being_efficacy=10,center_of_being_duration_unarmed=2",,,TRUE,0
combat_brawler_1handmelee_01,combat_brawler,4,FALSE,FALSE,FALSE,FALSE,500,2,0,combat_brawler_novice,,combat_meleespecialize_onehand,500,10000,,0,,,0,,"private_brawler_1hand_1,melee1hHit1,cert_sword_01,cert_baton_gaderiffi,cert_sword_02","onehandmelee_speed=5,onehandmelee_accuracy=10,private_onehandmelee_combat_difficulty=100,center_of_being_duration_onehandmelee=2,onehandmelee_center_of_being_efficacy=10",,,TRUE,0
combat_brawler_1handmelee_02,combat_brawler_1handmelee_01,4,FALSE,FALSE,FALSE,FALSE,1000,3,0,combat_brawler_1handmelee_01,,combat_meleespecialize_onehand,2500,30000,,0,,,0,,"private_brawler_1hand_2,melee1hBodyHit1,cert_knife_vibroblade","onehandmelee_speed=5,onehandmelee_accuracy=10,private_onehandmelee_combat_difficulty=100,center_of_being_duration_onehandmelee=2,onehandmelee_center_of_being_efficacy=10",,,TRUE,0
combat_brawler_1handmelee_03,combat_brawler_1handmelee_02,4,FALSE,FALSE,FALSE,FALSE,1500,4,0,combat_brawler_1handmelee_02,,combat_meleespecialize_onehand,7500,140000,,0,,,0,,"private_brawler_1hand_3,melee1hDizzyHit1,cert_sword_blade_ryyk","onehandmelee_speed=5,onehandmelee_accuracy=10,private_onehandmelee_combat_difficulty=100,onehandmelee_toughness=10,center_of_being_duration_onehandmelee=2,onehandmelee_center_of_being_efficacy=10",,,TRUE,0
combat_brawler_1handmelee_04,combat_brawler_1handmelee_03,4,FALSE,TRUE,FALSE,FALSE,2000,5,0,combat_brawler_1handmelee_03,,combat_meleespecialize_onehand,35000,200000,,0,,,0,,"private_brawler_1hand_4,melee1hSpinAttack1,cert_sword_blade_rantok","onehandmelee_speed=5,onehandmelee_accuracy=10,private_onehandmelee_combat_difficulty=100,onehandmelee_toughness=10,center_of_being_duration_onehandmelee=2,onehandmelee_center_of_being_efficacy=10",,,TRUE,0
combat_brawler_2handmelee_01,combat_brawler,4,FALSE,FALSE,FALSE,FALSE,500,2,0,combat_brawler_novice,,combat_meleespecialize_twohand,500,10000,,0,,,0,,"private_brawler_2hand_1,melee2hHit1,cert_sword_2h_axe","twohandmelee_speed=5,twohandmelee_accuracy=10,private_twohandmelee_combat_difficulty=100,center_of_being_duration_twohandmelee=2,twohandmelee_center_of_being_efficacy=10",,,TRUE,0
combat_brawler_2handmelee_02,combat_brawler_2handmelee_01,4,FALSE,FALSE,FALSE,FALSE,1000,3,0,combat_brawler_2handmelee_01,,combat_meleespecialize_twohand,2500,30000,,0,,,0,,"private_brawler_2hand_2,melee2hHeadHit1,cert_sword_2h_katana","twohandmelee_speed=5,twohandmelee_accuracy=10,private_twohandmelee_combat_difficulty=100,center_of_being_duration_twohandmelee=2,twohandmelee_center_of_being_efficacy=10",,,TRUE,0
combat_brawler_2handmelee_03,combat_brawler_2handmelee_02,4,FALSE,FALSE,FALSE,FALSE,1500,4,0,combat_brawler_2handmelee_02,,combat_meleespecialize_twohand,7500,140000,,0,,,0,,"private_brawler_2hand_3,melee2hSweep1,cert_axe_vibro","twohandmelee_speed=5,twohandmelee_accuracy=10,private_twohandmelee_combat_difficulty=100,twohandmelee_toughness=10,center_of_being_duration_twohandmelee=2,twohandmelee_center_of_being_efficacy=10",,,TRUE,0
combat_brawler_2handmelee_04,combat_brawler_2handmelee_03,4,FALSE,TRUE,FALSE,FALSE,2000,5,0,combat_brawler_2handmelee_03,,combat_meleespecialize_twohand,35000,200000,,0,,,0,,"private_brawler_2hand_4,melee2hSpinAttack1,cert_sword_2h_cleaver","twohandmelee_speed=5,twohandmelee_accuracy=10,private_twohandmelee_combat_difficulty=100,twohandmelee_toughness=10,center_of_being_duration_twohandmelee=2,twohandmelee_center_of_being_efficacy=10",,,TRUE,0
combat_brawler_polearm_01,combat_brawler,4,FALSE,FALSE,FALSE,FALSE,500,2,0,combat_brawler_novice,,combat_meleespecialize_polearm,500,10000,,0,,,0,,"private_brawler_polearm_1,polearmHit1,cert_lance_staff_wood_s2,cert_lance_staff_metal","polearm_speed=5,polearm_accuracy=10,private_polearm_combat_difficulty=100,center_of_being_duration_polearm=2,polearm_center_of_being_efficacy=10",,,TRUE,0
combat_brawler_polearm_02,combat_brawler_polearm_01,4,FALSE,FALSE,FALSE,FALSE,1000,3,0,combat_brawler_polearm_01,,combat_meleespecialize_polearm,2500,30000,,0,,,0,,"private_brawler_polearm_2,polearmLegHit1,cert_lance_controllerfp","polearm_speed=5,polearm_accuracy=10,private_polearm_combat_difficulty=100,center_of_being_duration_polearm=2,polearm_center_of_being_efficacy=10",,,TRUE,0
combat_brawler_polearm_03,combat_brawler_polearm_02,4,FALSE,FALSE,FALSE,FALSE,1500,4,0,combat_brawler_polearm_02,,combat_meleespecialize_polearm,7500,140000,,0,,,0,,"private_brawler_polearm_3,polearmStun1,cert_lance_vibro_axe","polearm_speed=5,polearm_accuracy=10,private_polearm_combat_difficulty=100,polearm_toughness=4,center_of_being_duration_polearm=2,polearm_center_of_being_efficacy=10",,,TRUE,0
combat_brawler_polearm_04,combat_brawler_polearm_03,4,FALSE,TRUE,FALSE,FALSE,2000,5,0,combat_brawler_polearm_03,,combat_meleespecialize_polearm,35000,200000,,0,,,0,,"private_brawler_polearm_4,polearmSpinAttack1","polearm_speed=5,polearm_accuracy=10,private_polearm_combat_difficulty=100,polearm_toughness=4,center_of_being_duration_polearm=1,polearm_center_of_being_efficacy=5",,,TRUE,0
combat_marksman,combat,4,FALSE,FALSE,TRUE,FALSE,0,0,0,,,,0,0,,0,,,0,,,,,,TRUE,0
combat_marksman_novice,combat_marksman,4,FALSE,TRUE,FALSE,FALSE,100,10,0,,,,0,0,,0,,,0,,"private_marksman_novice,pointBlankArea1,pointBlankSingle1,overChargeShot1,cert_rifle_dlt20,cert_pistol_d18,cert_carbine_dh17","rev_evade=1,pistol_accuracy=10,pistol_speed=5,rifle_accuracy=10,rifle_speed=5,carbine_speed=5,carbine_accuracy=10,private_rifle_combat_difficulty=100,private_carbine_combat_difficulty=100,private_pistol_combat_difficulty=100",,,TRUE,0
combat_marksman_master,combat_marksman,4,FALSE,TRUE,FALSE,FALSE,2500,6,0,"combat_marksman_rifle_04,combat_marksman_pistol_04,combat_marksman_carbine_04,combat_marksman_support_04",,,0,0,,0,,,0,,"private_marksman_master,overChargeShot2","pistol_accuracy=10,pistol_speed=5,rifle_accuracy=10,rifle_speed=5,carbine_speed=5,carbine_accuracy=10,ranged_defense=5,private_rifle_combat_difficulty=100,private_carbine_combat_difficulty=100,private_pistol_combat_difficulty=100",,,TRUE,0
combat_marksman_rifle_01,combat_marksman,4,FALSE,FALSE,FALSE,FALSE,500,2,0,combat_marksman_novice,,combat_rangedspecialize_rifle,500,10000,,0,,,0,,"private_marksman_rifle_1,headShot1,cert_rifle_dlt20a,cert_rifle_tusken","rifle_accuracy=10,rifle_speed=5,private_rifle_combat_difficulty=100,rifle_concealment_chance=5",,,TRUE,0
combat_marksman_rifle_02,combat_marksman_rifle_01,4,FALSE,FALSE,FALSE,FALSE,1000,3,0,combat_marksman_rifle_01,,combat_rangedspecialize_rifle,2500,30000,,0,,,0,,"private_marksman_rifle_2,takeCover,cert_rifle_sg82,cert_rifle_laser","rifle_accuracy=10,rifle_speed=5,private_rifle_combat_difficulty=100,rifle_concealment_chance=5",,,TRUE,0
combat_marksman_rifle_03,combat_marksman_rifle_02,4,FALSE,FALSE,FALSE,FALSE,1500,4,0,combat_marksman_rifle_02,,combat_rangedspecialize_rifle,7500,140000,,0,,,0,,"private_marksman_rifle_3,headShot2,cert_rifle_spraystick","rifle_accuracy=10,rifle_speed=5,private_rifle_combat_difficulty=100,rifle_concealment_chance=5",,,TRUE,0
combat_marksman_rifle_04,combat_marksman_rifle_03,4,FALSE,TRUE,FALSE,FALSE,2000,5,0,combat_marksman_rifle_03,,combat_rangedspecialize_rifle,35000,200000,,0,,,0,,"private_marksman_rifle_4,mindShot1,cert_rifle_jawa_ion,cert_rifle_e11","rifle_accuracy=10,rifle_speed=5,ranged_defense=2,private_rifle_combat_difficulty=100,rifle_concealment_chance=5",,,TRUE,0
combat_marksman_pistol_01,combat_marksman,4,FALSE,FALSE,FALSE,FALSE,500,2,0,combat_marksman_novice,,combat_rangedspecialize_pistol,500,10000,,0,,,0,,"private_marksman_pistol_1,bodyShot1,cert_pistol_dl44,cert_pistol_dl44_metal","pistol_accuracy=10,pistol_speed=5,private_pistol_combat_difficulty=100",,,TRUE,0
combat_marksman_pistol_02,combat_marksman_pistol_01,4,FALSE,FALSE,FALSE,FALSE,1000,3,0,combat_marksman_pistol_01,,combat_rangedspecialize_pistol,2500,30000,,0,,,0,,"private_marksman_pistol_2,rollShot,diveShot,kipUpShot,cert_pistol_scout_blaster,cert_pistol_dh17","pistol_accuracy=10,pistol_speed=5,private_pistol_combat_difficulty=100",,,TRUE,0
combat_marksman_pistol_03,combat_marksman_pistol_02,4,FALSE,FALSE,FALSE,FALSE,1500,4,0,combat_marksman_pistol_02,,combat_rangedspecialize_pistol,7500,140000,,0,,,0,,"private_marksman_pistol_3,bodyShot2,cert_pistol_striker,cert_pistol_power5","pistol_accuracy=10,pistol_speed=5,private_pistol_combat_difficulty=100",,,TRUE,0
combat_marksman_pistol_04,combat_marksman_pistol_03,4,FALSE,TRUE,FALSE,FALSE,2000,5,0,combat_marksman_pistol_03,,combat_rangedspecialize_pistol,35000,200000,,0,,,0,,"private_marksman_pistol_4,healthShot1,cert_pistol_srcombat,cert_pistol_tangle,cert_pistol_fwg5","pistol_accuracy=10,pistol_speed=5,ranged_defense=2,private_pistol_combat_difficulty=100",,,TRUE,0
combat_marksman_carbine_01,combat_marksman,4,FALSE,FALSE,FALSE,FALSE,500,2,0,combat_marksman_novice,,combat_rangedspecialize_carbine,500,10000,,0,,,0,,"private_marksman_carbine_1,legShot1,cert_carbine_dh17_snubnose","carbine_speed=5,carbine_accuracy=10,private_carbine_combat_difficulty=100",,,TRUE,0
combat_marksman_carbine_02,combat_marksman_carbine_01,4,FALSE,FALSE,FALSE,FALSE,1000,3,0,combat_marksman_carbine_01,,combat_rangedspecialize_carbine,2500,30000,,0,,,0,,"private_marksman_carbine_2,fullAutoSingle1,cert_carbine_e11","carbine_speed=5,carbine_accuracy=10,private_carbine_combat_difficulty=100",,,TRUE,0
combat_marksman_carbine_03,combat_marksman_carbine_02,4,FALSE,FALSE,FALSE,FALSE,1500,4,0,combat_marksman_carbine_02,,combat_rangedspecialize_carbine,7500,140000,,0,,,0,,"private_marksman_carbine_3,legShot2,cert_carbine_laser","carbine_speed=5,carbine_accuracy=10,private_carbine_combat_difficulty=100",,,TRUE,0
combat_marksman_carbine_04,combat_marksman_carbine_03,4,FALSE,TRUE,FALSE,FALSE,2000,5,0,combat_marksman_carbine_03,,combat_rangedspecialize_carbine,35000,200000,,0,,,0,,"private_marksman_carbine_4,actionShot1,cert_carbine_dxr6,cert_carbine_ee3","carbine_speed=5,carbine_accuracy=10,ranged_defense=6,melee_defense=4,private_carbine_combat_difficulty=100",,,TRUE,0
combat_marksman_support_01,combat_marksman,4,FALSE,FALSE,FALSE,FALSE,500,2,0,combat_marksman_novice,,combat_general,200,170000,,0,,,0,,"private_marksman_support_1,threatenShot,aim","ranged_defense=2,aim=10",,,TRUE,0
combat_marksman_support_02,combat_marksman_support_01,4,FALSE,FALSE,FALSE,FALSE,1000,3,0,combat_marksman_support_01,,combat_general,1125,170000,,0,,,0,,"private_marksman_support_2,tumbleToProne,tumbleToKneeling,tumbleToStanding","melee_defense=2,aim=10",,,TRUE,0
combat_marksman_support_03,combat_marksman_support_02,4,FALSE,FALSE,FALSE,FALSE,1500,4,0,combat_marksman_support_02,,combat_general,6000,170000,,0,,,0,,"private_marksman_support_3,warningShot","ranged_defense=2,aim=5",,,TRUE,0
combat_marksman_support_04,combat_marksman_support_03,4,FALSE,TRUE,FALSE,FALSE,2000,5,0,combat_marksman_support_03,,combat_general,22000,170000,,0,,,0,,"private_marksman_support_4,suppressionFire1","alert=10,ranged_defense=2,aim=5",,,TRUE,0
combat_rifleman,combat,4,FALSE,FALSE,TRUE,FALSE,0,0,0,,,,0,0,,0,,,0,,,,,,TRUE,0
combat_rifleman_novice,combat_rifleman,4,FALSE,TRUE,FALSE,FALSE,5000,6,0,combat_marksman_rifle_04,,combat_rangedspecialize_rifle,125000,350000,,0,,,0,,"private_rifle_novice,strafeShot1,cert_rifle_t21","rifle_accuracy=5,rifle_speed=5,private_rifle_combat_difficulty=100,block=10,rifle_concealment_chance=15",,,TRUE,0
combat_rifleman_master,combat_rifleman,4,FALSE,TRUE,FALSE,FALSE,10000,1,0,"combat_rifleman_accuracy_04,combat_rifleman_speed_04,combat_rifleman_ability_04,combat_rifleman_support_04",,,0,0,,0,,,0,,"private_rifle_master,strafeShot2,ranged_damage_mitigation_3","rifle_accuracy=40,rifle_speed=20,rifle_hit_while_moving=10,rifle_aim=40,ranged_defense=15,private_rifle_combat_difficulty=100,block=10,rifle_concealment_chance=5",,,TRUE,0
combat_rifleman_accuracy_01,combat_rifleman,4,FALSE,FALSE,FALSE,FALSE,6000,5,0,combat_rifleman_novice,,combat_rangedspecialize_rifle,175000,500000,,0,,,0,,"private_rifle_accuracy_1,mindShot2","rifle_accuracy=10,rifle_aim=15,private_rifle_combat_difficulty=125,rifle_concealment_chance=15",,,TRUE,0
combat_rifleman_accuracy_02,combat_rifleman_accuracy_01,4,FALSE,FALSE,FALSE,FALSE,7000,4,0,combat_rifleman_accuracy_01,,combat_rangedspecialize_rifle,250000,700000,,0,,,0,,"private_rifle_accuracy_2,headShot3","rifle_accuracy=15,rifle_aim=15,private_rifle_combat_difficulty=100,rifle_concealment_chance=15",,,TRUE,0
combat_rifleman_accuracy_03,combat_rifleman_accuracy_02,4,FALSE,FALSE,FALSE,FALSE,8000,3,0,combat_rifleman_accuracy_02,,combat_rangedspecialize_rifle,350000,900000,,0,,,0,,"private_rifle_accuracy_3,surpriseShot","rifle_accuracy=20,rifle_aim=15,private_rifle_combat_difficulty=100,rifle_concealment_chance=15",,,TRUE,0
combat_rifleman_accuracy_04,combat_rifleman_accuracy_03,4,FALSE,TRUE,FALSE,FALSE,9000,2,0,combat_rifleman_accuracy_03,,combat_rangedspecialize_rifle,450000,900000,,0,,,0,,"private_rifle_accuracy_4,sniperShot","rifle_accuracy=20,rifle_aim=15,private_rifle_combat_difficulty=125,rifle_concealment_chance=15",,,TRUE,0
combat_rifleman_speed_01,combat_rifleman,4,FALSE,FALSE,FALSE,FALSE,6000,5,0,combat_rifleman_novice,,combat_rangedspecialize_rifle,175000,500000,,0,,,0,,"private_rifle_speed_1,concealShot,ranged_damage_mitigation_1","ranged_defense=10,take_cover=20,private_rifle_combat_difficulty=125",,,TRUE,0
combat_rifleman_speed_02,combat_rifleman_speed_01,4,FALSE,FALSE,FALSE,FALSE,7000,4,0,combat_rifleman_speed_01,,combat_rangedspecialize_rifle,250000,700000,,0,,,0,,private_rifle_speed_2,"ranged_defense=10,take_cover=20,private_rifle_combat_difficulty=100",,,TRUE,0
combat_rifleman_speed_03,combat_rifleman_speed_02,4,FALSE,FALSE,FALSE,FALSE,8000,3,0,combat_rifleman_speed_02,,combat_rangedspecialize_rifle,350000,900000,,0,,,0,,"private_rifle_speed_3,sneak,ranged_damage_mitigation_2","ranged_defense=10,take_cover=20,private_rifle_combat_difficulty=100",,,TRUE,0
combat_rifleman_speed_04,combat_rifleman_speed_03,4,FALSE,TRUE,FALSE,FALSE,9000,2,0,combat_rifleman_speed_03,,combat_rangedspecialize_rifle,450000,900000,,0,,,0,,private_rifle_speed_4,"ranged_defense=10,take_cover=20,private_rifle_combat_difficulty=125",,,TRUE,0
combat_rifleman_ability_01,combat_rifleman,4,FALSE,FALSE,FALSE,FALSE,6000,5,0,combat_rifleman_novice,,combat_rangedspecialize_rifle,175000,500000,,0,,,0,,"private_rifle_ability_1,flushingShot1","block=15,private_rifle_combat_difficulty=125",,,TRUE,0
combat_rifleman_ability_02,combat_rifleman_ability_01,4,FALSE,FALSE,FALSE,FALSE,7000,4,0,combat_rifleman_ability_01,,combat_rangedspecialize_rifle,250000,700000,,0,,,0,,"private_rifle_ability_2,startleShot1","block=15,private_rifle_combat_difficulty=100",,,TRUE,0
combat_rifleman_ability_03,combat_rifleman_ability_02,4,FALSE,FALSE,FALSE,FALSE,8000,3,0,combat_rifleman_ability_02,,combat_rangedspecialize_rifle,350000,900000,,0,,,0,,"private_rifle_ability_3,flushingShot2","block=15,posture_change_up_defense=30,stun_defense=10,blind_defense=10,dizzy_defense=10,private_rifle_combat_difficulty=100",,,TRUE,0
combat_rifleman_ability_04,combat_rifleman_ability_03,4,FALSE,TRUE,FALSE,FALSE,9000,2,0,combat_rifleman_ability_03,,combat_rangedspecialize_rifle,450000,900000,,0,,,0,,"private_rifle_ability_4,startleShot2","block=15,ranged_defense=15,private_rifle_combat_difficulty=125",,,TRUE,0
combat_rifleman_support_01,combat_rifleman,4,FALSE,FALSE,FALSE,FALSE,6000,5,0,combat_rifleman_novice,,combat_general,60000,170000,,0,,,0,,"private_rifle_support_1,flurryShot1","melee_defense=10,rifle_speed=10,private_rifle_combat_difficulty=125",,,TRUE,0
combat_rifleman_support_02,combat_rifleman_support_01,4,FALSE,FALSE,FALSE,FALSE,7000,4,0,combat_rifleman_support_01,,combat_general,85000,240000,,0,,,0,,private_rifle_support_2,"melee_defense=10,rifle_speed=10,private_rifle_combat_difficulty=100",,,TRUE,0
combat_rifleman_support_03,combat_rifleman_support_02,4,FALSE,FALSE,FALSE,FALSE,8000,3,0,combat_rifleman_support_02,,combat_general,120000,300000,,0,,,0,,"private_rifle_support_3,flurryShot2","melee_defense=10,rifle_speed=10,private_rifle_combat_difficulty=100",,,TRUE,0
combat_rifleman_support_04,combat_rifleman_support_03,4,FALSE,TRUE,FALSE,FALSE,9000,2,0,combat_rifleman_support_03,,combat_general,150000,300000,,0,,,0,,private_rifle_support_4,"melee_defense=10,rifle_speed=10,private_rifle_combat_difficulty=125",,,TRUE,0
combat_pistol,combat,4,FALSE,FALSE,TRUE,FALSE,0,0,0,,,,0,0,,0,,,0,,,,,,TRUE,0
combat_pistol_novice,combat_pistol,4,FALSE,TRUE,FALSE,FALSE,5000,6,0,combat_marksman_pistol_04,,combat_rangedspecialize_pistol,125000,350000,,0,,,0,,"private_pistol_novice,healthShot2,cert_pistol_dx2,cert_pistol_republic_blaster","pistol_accuracy=5,pistol_speed=5,private_pistol_combat_difficulty=100,dodge=10",,,TRUE,0
combat_pistol_master,combat_pistol,4,FALSE,TRUE,FALSE,FALSE,10000,1,0,"combat_pistol_accuracy_04,combat_pistol_speed_04,combat_pistol_ability_04,combat_pistol_support_04",,,0,0,,0,,,0,,"private_pistol_master,multiTargetPistolShot,disarmingShot2,ranged_damage_mitigation_3","pistol_accuracy=10,pistol_speed=20,pistol_hit_while_moving=10,pistol_aim=4,ranged_defense=5,melee_defense=5,private_pistol_combat_difficulty=100,dodge=25",,,TRUE,0
combat_pistol_accuracy_01,combat_pistol,4,FALSE,FALSE,FALSE,FALSE,6000,5,0,combat_pistol_novice,,combat_rangedspecialize_pistol,175000,500000,,0,,,0,,"private_pistol_accuracy_1,pointBlankSingle2","private_pistol_combat_difficulty=125,dodge=15",,,TRUE,0
combat_pistol_accuracy_02,combat_pistol_accuracy_01,4,FALSE,FALSE,FALSE,FALSE,7000,4,0,combat_pistol_accuracy_01,,combat_rangedspecialize_pistol,250000,700000,,0,,,0,,private_pistol_accuracy_2,"dodge=15,private_pistol_combat_difficulty=100",,,TRUE,0
combat_pistol_accuracy_03,combat_pistol_accuracy_02,4,FALSE,FALSE,FALSE,FALSE,8000,3,0,combat_pistol_accuracy_02,,combat_rangedspecialize_pistol,350000,900000,,0,,,0,,"private_pistol_accuracy_3,bodyShot3","dodge=20,private_pistol_combat_difficulty=100",,,TRUE,0
combat_pistol_accuracy_04,combat_pistol_accuracy_03,4,FALSE,TRUE,FALSE,FALSE,9000,2,0,combat_pistol_accuracy_03,,combat_rangedspecialize_pistol,450000,900000,,0,,,0,,"private_pistol_accuracy_4,pointBlankArea2","dodge=20,private_pistol_combat_difficulty=125",,,TRUE,0
combat_pistol_speed_01,combat_pistol,4,FALSE,FALSE,FALSE,FALSE,6000,5,0,combat_pistol_novice,,combat_rangedspecialize_pistol,175000,500000,,0,,,0,,private_pistol_speed_1,"pistol_accuracy=10,pistol_hit_while_moving=5,pistol_aim=3,private_pistol_combat_difficulty=125",,,TRUE,0
combat_pistol_speed_02,combat_pistol_speed_01,4,FALSE,FALSE,FALSE,FALSE,7000,4,0,combat_pistol_speed_01,,combat_rangedspecialize_pistol,250000,700000,,0,,,0,,private_pistol_speed_2,"pistol_accuracy=5,pistol_hit_while_moving=5,pistol_aim=3,private_pistol_combat_difficulty=100",,,TRUE,0
combat_pistol_speed_03,combat_pistol_speed_02,4,FALSE,FALSE,FALSE,FALSE,8000,3,0,combat_pistol_speed_02,,combat_rangedspecialize_pistol,350000,900000,,0,,,0,,private_pistol_speed_3,"pistol_accuracy=10,pistol_hit_while_moving=5,pistol_aim=3,private_pistol_combat_difficulty=100",,,TRUE,0
combat_pistol_speed_04,combat_pistol_speed_03,4,FALSE,TRUE,FALSE,FALSE,9000,2,0,combat_pistol_speed_03,,combat_rangedspecialize_pistol,450000,900000,,0,,,0,,private_pistol_speed_4,"pistol_accuracy=5,pistol_hit_while_moving=5,pistol_aim=3,private_pistol_combat_difficulty=125",,,TRUE,0
combat_pistol_ability_01,combat_pistol,4,FALSE,FALSE,FALSE,FALSE,6000,5,0,combat_pistol_novice,,combat_rangedspecialize_pistol,175000,500000,,0,,,0,,"private_pistol_ability_1,disarmingShot1,ranged_damage_mitigation_1","stun_defense=40,private_pistol_combat_difficulty=125",,,TRUE,0
combat_pistol_ability_02,combat_pistol_ability_01,4,FALSE,FALSE,FALSE,FALSE,7000,4,0,combat_pistol_ability_01,,combat_rangedspecialize_pistol,250000,700000,,0,,,0,,"private_pistol_ability_2,doubleTap","blind_defense=40,private_pistol_combat_difficulty=100",,,TRUE,0
combat_pistol_ability_03,combat_pistol_ability_02,4,FALSE,FALSE,FALSE,FALSE,8000,3,0,combat_pistol_ability_02,,combat_rangedspecialize_pistol,350000,900000,,0,,,0,,"private_pistol_ability_3,stoppingShot,ranged_damage_mitigation_2","dizzy_defense=40,private_pistol_combat_difficulty=100",,,TRUE,0
combat_pistol_ability_04,combat_pistol_ability_03,4,FALSE,TRUE,FALSE,FALSE,9000,2,0,combat_pistol_ability_03,,combat_rangedspecialize_pistol,450000,900000,,0,,,0,,"private_pistol_ability_4,fanShot","posture_change_down_defense=20,knockdown_defense=50,private_pistol_combat_difficulty=125",,,TRUE,0
combat_pistol_support_01,combat_pistol,4,FALSE,FALSE,FALSE,FALSE,6000,5,0,combat_pistol_novice,,combat_general,60000,170000,,0,,,0,,"private_pistol_defense_1,pistolMeleeDefense1","melee_defense=10,pistol_speed=6,private_pistol_combat_difficulty=125",,,TRUE,0
combat_pistol_support_02,combat_pistol_support_01,4,FALSE,FALSE,FALSE,FALSE,7000,4,0,combat_pistol_support_01,,combat_general,85000,240000,,0,,,0,,private_pistol_defense_2,"melee_defense=10,pistol_speed=6,private_pistol_combat_difficulty=100",,,TRUE,0
combat_pistol_support_03,combat_pistol_support_02,4,FALSE,FALSE,FALSE,FALSE,8000,3,0,combat_pistol_support_02,,combat_general,120000,300000,,0,,,0,,"private_pistol_defense_3,pistolMeleeDefense2","melee_defense=10,pistol_speed=6,pistol_accuracy_while_standing=15,private_pistol_combat_difficulty=100",,,TRUE,0
combat_pistol_support_04,combat_pistol_support_03,4,FALSE,TRUE,FALSE,FALSE,9000,2,0,combat_pistol_support_03,,combat_general,150000,300000,,0,,,0,,private_pistol_defense_4,"melee_defense=10,pistol_speed=6,private_pistol_combat_difficulty=125",,,TRUE,0
combat_carbine,combat,4,FALSE,FALSE,TRUE,FALSE,0,0,0,,,,0,0,,0,,,0,,,,,,TRUE,0
combat_carbine_novice,combat_carbine,4,FALSE,TRUE,FALSE,FALSE,5000,6,0,combat_marksman_carbine_04,,combat_rangedspecialize_carbine,125000,350000,,0,,,0,,"private_carbine_novice,actionShot2,fullAutoSingle2,cert_carbine_elite,cert_carbine_nym_slugthrower","carbine_speed=5,carbine_accuracy=5,private_carbine_combat_difficulty=100",,,TRUE,0
combat_carbine_master,combat_carbine,4,FALSE,TRUE,FALSE,FALSE,10000,1,0,"combat_carbine_support_04,combat_carbine_speed_04,combat_carbine_ability_04,combat_carbine_accuracy_04",,,0,0,,0,,,0,,"private_carbine_master,ranged_damage_mitigation_3,melee_damage_mitigation_1","carbine_speed=10,carbine_accuracy=20,carbine_hit_while_moving=10,carbine_aim=25,ranged_defense=35,private_carbine_combat_difficulty=100,counterattack=25,melee_defense=14,blind_defense=20,stun_defense=20,knockdown_defense=20,dizzy_defense=20",,,TRUE,0
combat_carbine_accuracy_01,combat_carbine,4,FALSE,FALSE,FALSE,FALSE,6000,5,0,combat_carbine_novice,,combat_rangedspecialize_carbine,175000,500000,,0,,,0,,"private_carbine_accuracy_1,scatterShot1","carbine_speed=5,private_carbine_combat_difficulty=125,blind_defense=10",,,TRUE,0
combat_carbine_accuracy_02,combat_carbine_accuracy_01,4,FALSE,FALSE,FALSE,FALSE,7000,4,0,combat_carbine_accuracy_01,,combat_rangedspecialize_carbine,250000,700000,,0,,,0,,"private_carbine_accuracy_2,wildShot1","carbine_speed=5,private_carbine_combat_difficulty=100,stun_defense=10",,,TRUE,0
combat_carbine_accuracy_03,combat_carbine_accuracy_02,4,FALSE,FALSE,FALSE,FALSE,8000,3,0,combat_carbine_accuracy_02,,combat_rangedspecialize_carbine,350000,900000,,0,,,0,,"private_carbine_accuracy_3,scatterShot2","carbine_speed=5,private_carbine_combat_difficulty=100,knockdown_defense=10",,,TRUE,0
combat_carbine_accuracy_04,combat_carbine_accuracy_03,4,FALSE,TRUE,FALSE,FALSE,9000,2,0,combat_carbine_accuracy_03,,combat_rangedspecialize_carbine,450000,900000,,0,,,0,,"private_carbine_accuracy_4,wildShot2","carbine_speed=5,private_carbine_combat_difficulty=100,dizzy_defense=10",,,TRUE,0
combat_carbine_speed_01,combat_carbine,4,FALSE,FALSE,FALSE,FALSE,6000,5,0,combat_carbine_novice,,combat_rangedspecialize_carbine,175000,500000,,0,,,0,,"private_carbine_speed_1,legShot3","carbine_accuracy=5,private_carbine_combat_difficulty=125",,,TRUE,0
combat_carbine_speed_02,combat_carbine_speed_01,4,FALSE,FALSE,FALSE,FALSE,7000,4,0,combat_carbine_speed_01,,combat_rangedspecialize_carbine,250000,700000,,0,,,0,,private_carbine_speed_2,"carbine_accuracy=10,private_carbine_combat_difficulty=100,ranged_defense=4",,,TRUE,0
combat_carbine_speed_03,combat_carbine_speed_02,4,FALSE,FALSE,FALSE,FALSE,8000,3,0,combat_carbine_speed_02,,combat_rangedspecialize_carbine,350000,900000,,0,,,0,,"private_carbine_speed_3,cripplingShot","carbine_accuracy=15,private_carbine_combat_difficulty=100,ranged_defense=6",,,TRUE,0
combat_carbine_speed_04,combat_carbine_speed_03,4,FALSE,TRUE,FALSE,FALSE,9000,2,0,combat_carbine_speed_03,,combat_rangedspecialize_carbine,450000,900000,,0,,,0,,private_carbine_speed_4,"carbine_accuracy=25,private_carbine_combat_difficulty=125,ranged_defense=8",,,TRUE,0
combat_carbine_ability_01,combat_carbine,4,FALSE,FALSE,FALSE,FALSE,6000,5,0,combat_carbine_novice,,combat_rangedspecialize_carbine,175000,500000,,0,,,0,,"private_carbine_ability_1,burstShot1,ranged_damage_mitigation_1","counterattack=20,private_carbine_combat_difficulty=125",,,TRUE,0
combat_carbine_ability_02,combat_carbine_ability_01,4,FALSE,FALSE,FALSE,FALSE,7000,4,0,combat_carbine_ability_01,,combat_rangedspecialize_carbine,250000,700000,,0,,,0,,private_carbine_ability_2,"knockdown_defense=15,intimidate_defense=25,counterattack=20,private_carbine_combat_difficulty=100",,,TRUE,0
combat_carbine_ability_03,combat_carbine_ability_02,4,FALSE,FALSE,FALSE,FALSE,8000,3,0,combat_carbine_ability_02,,combat_rangedspecialize_carbine,350000,900000,,0,,,0,,"private_carbine_ability_3,burstShot2,ranged_damage_mitigation_2","counterattack=20,private_carbine_combat_difficulty=100",,,TRUE,0
combat_carbine_ability_04,combat_carbine_ability_03,4,FALSE,TRUE,FALSE,FALSE,9000,2,0,combat_carbine_ability_03,,combat_rangedspecialize_carbine,450000,900000,,0,,,0,,"private_carbine_ability_4,suppressionFire2","counterattack=20,private_carbine_combat_difficulty=125",,,TRUE,0
combat_carbine_support_01,combat_carbine,4,FALSE,FALSE,FALSE,FALSE,6000,5,0,combat_carbine_novice,,combat_general,60000,170000,,0,,,0,,"private_carbine_support_1,fullAutoArea1","carbine_hit_while_moving=5,private_carbine_combat_difficulty=125",,,TRUE,0
combat_carbine_support_02,combat_carbine_support_01,4,FALSE,FALSE,FALSE,FALSE,7000,4,0,combat_carbine_support_01,,combat_general,85000,240000,,0,,,0,,"private_carbine_support_2,chargeShot1","carbine_hit_while_moving=5,private_carbine_combat_difficulty=100,melee_defense=6",,,TRUE,0
combat_carbine_support_03,combat_carbine_support_02,4,FALSE,FALSE,FALSE,FALSE,8000,3,0,combat_carbine_support_02,,combat_general,120000,300000,,0,,,0,,"private_carbine_support_3,fullAutoArea2","carbine_hit_while_moving=5,private_carbine_combat_difficulty=100,melee_defense=6",,,TRUE,0
combat_carbine_support_04,combat_carbine_support_03,4,FALSE,TRUE,FALSE,FALSE,9000,2,0,combat_carbine_support_03,,combat_general,150000,300000,,0,,,0,,"private_carbine_support_4,chargeShot2","carbine_hit_while_moving=5,private_carbine_combat_difficulty=125,melee_defense=10",,,TRUE,0
combat_unarmed,combat,4,FALSE,FALSE,TRUE,FALSE,0,0,0,,,,0,0,,0,,,0,,,,,,TRUE,0
combat_unarmed_novice,combat_unarmed,4,FALSE,TRUE,FALSE,FALSE,5000,6,0,combat_brawler_unarmed_04,,combat_meleespecialize_unarmed,125000,350000,,0,,,0,,"private_unarmed_novice,unarmedHit2,meditate,cert_vibroknuckler","unarmed_damage=70,combat_equillibrium=10,unarmed_speed=10,unarmed_accuracy=20,private_unarmed_combat_difficulty=100,meditate=15,unarmed_toughness=4,private_med_dot=5,unarmed_passive_defense=15,unarmed_center_of_being_efficacy=15,center_of_being_duration_unarmed=5",,,TRUE,0
combat_unarmed_master,combat_unarmed,4,FALSE,TRUE,FALSE,FALSE,10000,1,0,"combat_unarmed_accuracy_04,combat_unarmed_speed_04,combat_unarmed_ability_04,combat_unarmed_support_04",,,0,0,,0,,,0,,"private_unarmed_master,unarmedHit3,melee_damage_mitigation_3","unarmed_damage=70,combat_equillibrium=15,unarmed_speed=20,unarmed_accuracy=35,private_unarmed_combat_difficulty=100,meditate=25,private_med_dot=10,private_med_wound=10,unarmed_passive_defense=25,unarmed_center_of_being_efficacy=10,center_of_being_duration_unarmed=5",,,TRUE,0
combat_unarmed_accuracy_01,combat_unarmed,4,FALSE,FALSE,FALSE,FALSE,6000,5,0,combat_unarmed_novice,,combat_meleespecialize_unarmed,175000,500000,,0,,,0,,private_unarmed_accuarcy_1,"private_unarmed_combat_difficulty=125,meditate=15,private_med_dot=5",,,TRUE,0
combat_unarmed_accuracy_02,combat_unarmed_accuracy_01,4,FALSE,FALSE,FALSE,FALSE,7000,4,0,combat_unarmed_accuracy_01,,combat_meleespecialize_unarmed,250000,700000,,0,,,0,,"private_unarmed_accuarcy_2,powerBoost","private_unarmed_combat_difficulty=100,meditate=15,private_med_dot=10,private_med_wound=5",,,TRUE,0
combat_unarmed_accuracy_03,combat_unarmed_accuracy_02,4,FALSE,FALSE,FALSE,FALSE,8000,3,0,combat_unarmed_accuracy_02,,combat_meleespecialize_unarmed,350000,900000,,0,,,0,,private_unarmed_accuracy_3,"private_unarmed_combat_difficulty=100,meditate=15,private_med_dot=10,private_med_wound=5",,,TRUE,0
combat_unarmed_accuracy_04,combat_unarmed_accuracy_03,4,FALSE,TRUE,FALSE,FALSE,9000,2,0,combat_unarmed_accuracy_03,,combat_meleespecialize_unarmed,450000,900000,,0,,,0,,"private_unarmed_accuracy_4,forceOfWill","private_unarmed_combat_difficulty=100,meditate=15,private_med_dot=10,private_med_wound=5",,,TRUE,0
combat_unarmed_speed_01,combat_unarmed,4,FALSE,FALSE,FALSE,FALSE,6000,5,0,combat_unarmed_novice,,combat_meleespecialize_unarmed,175000,500000,,0,,,0,,"private_unarmed_speed_1,unarmedKnockdown1,melee_damage_mitigation_1","combat_equillibrium=10,blind_defense=10,posture_change_down_defense=10,private_unarmed_combat_difficulty=125",,,TRUE,0
combat_unarmed_speed_02,combat_unarmed_speed_01,4,FALSE,FALSE,FALSE,FALSE,7000,4,0,combat_unarmed_speed_01,,combat_meleespecialize_unarmed,250000,700000,,0,,,0,,private_unarmed_speed_2,"stun_defense=10,combat_equillibrium=10,posture_change_down_defense=10,private_unarmed_combat_difficulty=100,unarmed_toughness=9",,,TRUE,0
combat_unarmed_speed_03,combat_unarmed_speed_02,4,FALSE,FALSE,FALSE,FALSE,8000,3,0,combat_unarmed_speed_02,,combat_meleespecialize_unarmed,350000,900000,,0,,,0,,"private_unarmed_speed_3,melee_damage_mitigation_2","stun_defense=5,combat_equillibrium=10,posture_change_down_defense=10,dizzy_defense=5,knockdown_defense=20,private_unarmed_combat_difficulty=100,unarmed_toughness=4",,,TRUE,0
combat_unarmed_speed_04,combat_unarmed_speed_03,4,FALSE,TRUE,FALSE,FALSE,9000,2,0,combat_unarmed_speed_03,,combat_meleespecialize_unarmed,450000,900000,,0,,,0,,"private_unarmed_speed_4,unarmedKnockdown2","private_unarmed_combat_difficulty=125,unarmed_toughness=4",,,TRUE,0
combat_unarmed_ability_01,combat_unarmed,4,FALSE,FALSE,FALSE,FALSE,6000,5,0,combat_unarmed_novice,,combat_meleespecialize_unarmed,175000,500000,,0,,,0,,"private_unarmed_ability_1,unarmedDizzy1","unarmed_damage=15,unarmed_speed=15,private_unarmed_combat_difficulty=125",,,TRUE,0
combat_unarmed_ability_02,combat_unarmed_ability_01,4,FALSE,FALSE,FALSE,FALSE,7000,4,0,combat_unarmed_ability_01,,combat_meleespecialize_unarmed,250000,700000,,0,,,0,,"private_unarmed_ability_2,unarmedCombo1","unarmed_damage=15,unarmed_speed=15,private_unarmed_combat_difficulty=100",,,TRUE,0
combat_unarmed_ability_03,combat_unarmed_ability_02,4,FALSE,FALSE,FALSE,FALSE,8000,3,0,combat_unarmed_ability_02,,combat_meleespecialize_unarmed,350000,900000,,0,,,0,,"private_unarmed_ability_3,unarmedSpinAttack2","unarmed_damage=15,unarmed_speed=15,private_unarmed_combat_difficulty=100",,,TRUE,0
combat_unarmed_ability_04,combat_unarmed_ability_03,4,FALSE,TRUE,FALSE,FALSE,9000,2,0,combat_unarmed_ability_03,,combat_meleespecialize_unarmed,450000,900000,,0,,,0,,"private_unarmed_ability_4,unarmedCombo2","unarmed_damage=15,unarmed_speed=15,private_unarmed_combat_difficulty=125",,,TRUE,0
combat_unarmed_support_01,combat_unarmed,4,FALSE,FALSE,FALSE,FALSE,6000,5,0,combat_unarmed_novice,,combat_general,60000,170000,,0,,,0,,"private_unarmed_support_1,unarmedBodyHit1","melee_defense=15,ranged_defense=5,unarmed_accuracy=30,private_unarmed_combat_difficulty=125,unarmed_passive_defense=15,unarmed_center_of_being_efficacy=10,center_of_being_duration_unarmed=2",,,TRUE,0
combat_unarmed_support_02,combat_unarmed_support_01,4,FALSE,FALSE,FALSE,FALSE,7000,4,0,combat_unarmed_support_01,,combat_general,85000,240000,,0,,,0,,"private_unarmed_support_2,unarmedLegHit1","private_unarmed_combat_difficulty=100,melee_defense=15,ranged_defense=10,unarmed_accuracy=20,unarmed_toughness=5,unarmed_passive_defense=11,unarmed_center_of_being_efficacy=5,center_of_being_duration_unarmed=2",,,TRUE,0
combat_unarmed_support_03,combat_unarmed_support_02,4,FALSE,FALSE,FALSE,FALSE,8000,3,0,combat_unarmed_support_02,,combat_general,120000,300000,,0,,,0,,private_unarmed_support_3,"melee_defense=15,ranged_defense=15,unarmed_accuracy=30,private_unarmed_combat_difficulty=100,unarmed_passive_defense=15,unarmed_center_of_being_efficacy=10,center_of_being_duration_unarmed=2",,,TRUE,0
combat_unarmed_support_04,combat_unarmed_support_03,4,FALSE,TRUE,FALSE,FALSE,9000,2,0,combat_unarmed_support_03,,combat_general,150000,300000,,0,,,0,,"private_unarmed_support_4,unarmedHeadHit1","private_unarmed_combat_difficulty=100,melee_defense=15,ranged_defense=15,unarmed_accuracy=20,unarmed_toughness=5,unarmed_passive_defense=15,unarmed_center_of_being_efficacy=10,center_of_being_duration_unarmed=1",,,TRUE,0
combat_1hsword,combat,4,FALSE,FALSE,TRUE,FALSE,0,0,0,,,,0,0,,0,,,0,,,,,,TRUE,0
combat_1hsword_novice,combat_1hsword,4,FALSE,TRUE,FALSE,FALSE,5000,6,0,combat_brawler_1handmelee_04,,combat_meleespecialize_onehand,125000,350000,,0,,,0,,"private_1hand_novice,melee1hHit2,cert_baton_stun","onehandmelee_accuracy=20,onehandmelee_speed=10,melee_defense=15,ranged_defense=15,dodge=15,private_onehandmelee_combat_difficulty=100,onehandmelee_toughness=4,center_of_being_duration_onehandmelee=5,onehandmelee_center_of_being_efficacy=15",,,TRUE,0
combat_1hsword_master,combat_1hsword,4,FALSE,TRUE,FALSE,FALSE,10000,1,0,"combat_1hsword_accuracy_04,combat_1hsword_speed_04,combat_1hsword_ability_04,combat_1hsword_support_04",,,0,0,,0,,,0,,"private_1hand_master,melee1hHit3,melee_damage_mitigation_3","onehandmelee_accuracy=20,onehandmelee_speed=10,alert=10,melee_defense=5,combat_equillibrium=10,dodge=15,private_onehandmelee_combat_difficulty=100,center_of_being_duration_onehandmelee=5,onehandmelee_center_of_being_efficacy=15",,,TRUE,0
combat_1hsword_accuracy_01,combat_1hsword,4,FALSE,FALSE,FALSE,FALSE,6000,5,0,combat_1hsword_novice,,combat_meleespecialize_onehand,175000,500000,,0,,,0,,"private_1hand_accuracy_1,melee1hScatterHit1","melee_defense=12,ranged_defense=12,private_onehandmelee_combat_difficulty=125",,,TRUE,0
combat_1hsword_accuracy_02,combat_1hsword_accuracy_01,4,FALSE,FALSE,FALSE,FALSE,7000,4,0,combat_1hsword_accuracy_01,,combat_meleespecialize_onehand,250000,700000,,0,,,0,,private_1hand_accuracy_2,"ranged_defense=15,melee_defense=15,private_onehandmelee_combat_difficulty=100",,,TRUE,0
combat_1hsword_accuracy_03,combat_1hsword_accuracy_02,4,FALSE,FALSE,FALSE,FALSE,8000,3,0,combat_1hsword_accuracy_02,,combat_meleespecialize_onehand,350000,900000,,0,,,0,,"private_1hand_accuracy_3,melee1hDizzyHit2","melee_defense=12,ranged_defense=12,private_onehandmelee_combat_difficulty=100,onehandmelee_toughness=4",,,TRUE,0
combat_1hsword_accuracy_04,combat_1hsword_accuracy_03,4,FALSE,TRUE,FALSE,FALSE,9000,2,0,combat_1hsword_accuracy_03,,combat_meleespecialize_onehand,450000,900000,,0,,,0,,"private_1hand_accuracy_4,melee1hScatterHit2","ranged_defense=15,melee_defense=15,private_onehandmelee_combat_difficulty=125,onehandmelee_toughness=4",,,TRUE,0
combat_1hsword_speed_01,combat_1hsword,4,FALSE,FALSE,FALSE,FALSE,6000,5,0,combat_1hsword_novice,,combat_meleespecialize_onehand,175000,500000,,0,,,0,,"private_1hand_speed_1,melee1hHealthHit1","onehandmelee_speed=5,private_onehandmelee_combat_difficulty=125,center_of_being_duration_onehandmelee=2,onehandmelee_center_of_being_efficacy=5",,,TRUE,0
combat_1hsword_speed_02,combat_1hsword_speed_01,4,FALSE,FALSE,FALSE,FALSE,7000,4,0,combat_1hsword_speed_01,,combat_meleespecialize_onehand,250000,700000,,0,,,0,,private_1hand_speed_2,"posture_change_down_defense=20,knockdown_defense=20,onehandmelee_speed=20,private_onehandmelee_combat_difficulty=100,center_of_being_duration_onehandmelee=2,onehandmelee_center_of_being_efficacy=10",,,TRUE,0
combat_1hsword_speed_03,combat_1hsword_speed_02,4,FALSE,FALSE,FALSE,FALSE,8000,3,0,combat_1hsword_speed_02,,combat_meleespecialize_onehand,350000,900000,,0,,,0,,"private_1hand_speed_3,melee1hSpinAttack2","private_onehandmelee_combat_difficulty=100,center_of_being_duration_onehandmelee=2,onehandmelee_center_of_being_efficacy=10",,,TRUE,0
combat_1hsword_speed_04,combat_1hsword_speed_03,4,FALSE,TRUE,FALSE,FALSE,9000,2,0,combat_1hsword_speed_03,,combat_meleespecialize_onehand,450000,900000,,0,,,0,,"private_1hand_speed_4,melee1hHealthHit2","posture_change_down_defense=30,knockdown_defense=30,onehandmelee_speed=20,dodge=15,private_onehandmelee_combat_difficulty=125,center_of_being_duration_onehandmelee=2,onehandmelee_center_of_being_efficacy=10",,,TRUE,0
combat_1hsword_ability_01,combat_1hsword,4,FALSE,FALSE,FALSE,FALSE,6000,5,0,combat_1hsword_novice,,combat_meleespecialize_onehand,175000,500000,,0,,,0,,"private_1hand_ability_1,melee1hBodyHit2,melee_damage_mitigation_1","private_onehandmelee_combat_difficulty=125,dodge=15",,,TRUE,0
combat_1hsword_ability_02,combat_1hsword_ability_01,4,FALSE,FALSE,FALSE,FALSE,7000,4,0,combat_1hsword_ability_01,,combat_meleespecialize_onehand,250000,700000,,0,,,0,,private_1hand_ability_2,"blind_defense=10,dizzy_defense=10,intimidate_defense=10,private_onehandmelee_combat_difficulty=100,dodge=15",,,TRUE,0
combat_1hsword_ability_03,combat_1hsword_ability_02,4,FALSE,FALSE,FALSE,FALSE,8000,3,0,combat_1hsword_ability_02,,combat_meleespecialize_onehand,350000,900000,,0,,,0,,"private_1hand_ability_3,melee1hBodyHit3,melee_damage_mitigation_2","private_onehandmelee_combat_difficulty=100,dodge=15",,,TRUE,0
combat_1hsword_ability_04,combat_1hsword_ability_03,4,FALSE,TRUE,FALSE,FALSE,9000,2,0,combat_1hsword_ability_03,,combat_meleespecialize_onehand,450000,900000,,0,,,0,,private_1hand_ability_4,"blind_defense=30,dizzy_defense=30,intimidate_defense=10,dodge=15,private_onehandmelee_combat_difficulty=125",,,TRUE,0
combat_1hsword_support_01,combat_1hsword,4,FALSE,FALSE,FALSE,FALSE,6000,5,0,combat_1hsword_novice,,combat_general,60000,170000,,0,,,0,,"private_1hand_support_1,melee1hBlindHit1",private_onehandmelee_combat_difficulty=125,,,TRUE,0
combat_1hsword_support_02,combat_1hsword_support_01,4,FALSE,FALSE,FALSE,FALSE,7000,4,0,combat_1hsword_support_01,,combat_general,85000,240000,,0,,,0,,private_1hand_support_2,"combat_equillibrium=10,onehandmelee_accuracy=30,private_onehandmelee_combat_difficulty=100",,,TRUE,0
combat_1hsword_support_03,combat_1hsword_support_02,4,FALSE,FALSE,FALSE,FALSE,8000,3,0,combat_1hsword_support_02,,combat_general,120000,300000,,0,,,0,,"private_1hand_support_3,melee1hBlindHit2",private_onehandmelee_combat_difficulty=100,,,TRUE,0
combat_1hsword_support_04,combat_1hsword_support_03,4,FALSE,TRUE,FALSE,FALSE,9000,2,0,combat_1hsword_support_03,,combat_general,150000,300000,,0,,,0,,private_1hand_support_4,"combat_equillibrium=10,onehandmelee_accuracy=30,private_onehandmelee_combat_difficulty=125",,,TRUE,0
combat_2hsword,combat,4,FALSE,FALSE,TRUE,FALSE,0,0,0,,,,0,0,,0,,,0,,,,,,TRUE,0
combat_2hsword_novice,combat_2hsword,4,FALSE,TRUE,FALSE,FALSE,5000,6,0,combat_brawler_2handmelee_04,,combat_meleespecialize_twohand,125000,350000,,0,,,0,,"private_2hand_novice,melee2hHit2,cert_sword_2h_maul","twohandmelee_accuracy=15,twohandmelee_speed=10,melee_defense=5,counterattack=15,private_twohandmelee_combat_difficulty=100,twohandmelee_toughness=15,center_of_being_duration_twohandmelee=5,twohandmelee_center_of_being_efficacy=15",,,TRUE,0
combat_2hsword_master,combat_2hsword,4,FALSE,TRUE,FALSE,FALSE,10000,1,0,"combat_2hsword_accuracy_04,combat_2hsword_speed_04,combat_2hsword_ability_04,combat_2hsword_support_04",,,0,0,,0,,,0,,"private_2hand_master,melee2hHit3,melee_damage_mitigation_3","twohandmelee_accuracy=15,twohandmelee_speed=10,melee_defense=5,stun_defense=30,blind_defense=10,knockdown_defense=10,ranged_defense=5,counterattack=25,private_twohandmelee_combat_difficulty=100,center_of_being_duration_twohandmelee=5,twohandmelee_center_of_being_efficacy=15",,,TRUE,0
combat_2hsword_accuracy_01,combat_2hsword,4,FALSE,FALSE,FALSE,FALSE,6000,5,0,combat_2hsword_novice,,combat_meleespecialize_twohand,175000,500000,,0,,,0,,"private_2hand_accuracy_1,melee2hArea1",private_twohandmelee_combat_difficulty=125,,,TRUE,0
combat_2hsword_accuracy_02,combat_2hsword_accuracy_01,4,FALSE,FALSE,FALSE,FALSE,7000,4,0,combat_2hsword_accuracy_01,,combat_meleespecialize_twohand,250000,700000,,0,,,0,,"private_2hand_accuracy_2,melee2hArea2",private_twohandmelee_combat_difficulty=100,,,TRUE,0
combat_2hsword_accuracy_03,combat_2hsword_accuracy_02,4,FALSE,FALSE,FALSE,FALSE,8000,3,0,combat_2hsword_accuracy_02,,combat_meleespecialize_twohand,350000,900000,,0,,,0,,private_2hand_accuracy_3,"intimidate_defense=20,dizzy_defense=20,stun_defense=20,private_twohandmelee_combat_difficulty=100,twohandmelee_toughness=4",,,TRUE,0
combat_2hsword_accuracy_04,combat_2hsword_accuracy_03,4,FALSE,TRUE,FALSE,FALSE,9000,2,0,combat_2hsword_accuracy_03,,combat_meleespecialize_twohand,450000,900000,,0,,,0,,"private_2hand_accuracy_4,melee2hArea3","private_twohandmelee_combat_difficulty=125,twohandmelee_toughness=4",,,TRUE,0
combat_2hsword_speed_01,combat_2hsword,4,FALSE,FALSE,FALSE,FALSE,6000,5,0,combat_2hsword_novice,,combat_meleespecialize_twohand,175000,500000,,0,,,0,,"private_2hand_speed_1,melee2hHeadHit2",private_twohandmelee_combat_difficulty=125,,,TRUE,0
combat_2hsword_speed_02,combat_2hsword_speed_01,4,FALSE,FALSE,FALSE,FALSE,7000,4,0,combat_2hsword_speed_01,,combat_meleespecialize_twohand,250000,700000,,0,,,0,,private_2hand_speed_2,"twohandmelee_speed=15,private_twohandmelee_combat_difficulty=100",,,TRUE,0
combat_2hsword_speed_03,combat_2hsword_speed_02,4,FALSE,FALSE,FALSE,FALSE,8000,3,0,combat_2hsword_speed_02,,combat_meleespecialize_twohand,350000,900000,,0,,,0,,melee2hHeadHit3,private_twohandmelee_combat_difficulty=100,,,TRUE,0
combat_2hsword_speed_04,combat_2hsword_speed_03,4,FALSE,TRUE,FALSE,FALSE,9000,2,0,combat_2hsword_speed_03,,combat_meleespecialize_twohand,450000,900000,,0,,,0,,,"twohandmelee_speed=15,private_twohandmelee_combat_difficulty=125",,,TRUE,0
combat_2hsword_ability_01,combat_2hsword,4,FALSE,FALSE,FALSE,FALSE,6000,5,0,combat_2hsword_novice,,combat_meleespecialize_twohand,175000,500000,,0,,,0,,"melee2hSpinAttack2,melee_damage_mitigation_1","private_twohandmelee_combat_difficulty=125,counterattack=15,center_of_being_duration_twohandmelee=2,twohandmelee_center_of_being_efficacy=10",,,TRUE,0
combat_2hsword_ability_02,combat_2hsword_ability_01,4,FALSE,FALSE,FALSE,FALSE,7000,4,0,combat_2hsword_ability_01,,combat_meleespecialize_twohand,250000,700000,,0,,,0,,,"melee_defense=5,ranged_defense=5,posture_change_down_defense=10,private_twohandmelee_combat_difficulty=100,counterattack=15,center_of_being_duration_twohandmelee=2,twohandmelee_center_of_being_efficacy=10",,,TRUE,0
combat_2hsword_ability_03,combat_2hsword_ability_02,4,FALSE,FALSE,FALSE,FALSE,8000,3,0,combat_2hsword_ability_02,,combat_meleespecialize_twohand,350000,900000,,0,,,0,,"melee2hSweep2,melee_damage_mitigation_2","private_twohandmelee_combat_difficulty=100,counterattack=15,center_of_being_duration_twohandmelee=2,twohandmelee_center_of_being_efficacy=10",,,TRUE,0
combat_2hsword_ability_04,combat_2hsword_ability_03,4,FALSE,TRUE,FALSE,FALSE,9000,2,0,combat_2hsword_ability_03,,combat_meleespecialize_twohand,450000,900000,,0,,,0,,,"melee_defense=5,ranged_defense=5,knockdown_defense=15,counterattack=15,private_twohandmelee_combat_difficulty=125,center_of_being_duration_twohandmelee=2,twohandmelee_center_of_being_efficacy=10",,,TRUE,0
combat_2hsword_support_01,combat_2hsword,4,FALSE,FALSE,FALSE,FALSE,6000,5,0,combat_2hsword_novice,,combat_general,60000,170000,,0,,,0,,melee2hMindHit1,private_twohandmelee_combat_difficulty=125,,,TRUE,0
combat_2hsword_support_02,combat_2hsword_support_01,4,FALSE,FALSE,FALSE,FALSE,7000,4,0,combat_2hsword_support_01,,combat_general,85000,240000,,0,,,0,,,"twohandmelee_accuracy=20,private_twohandmelee_combat_difficulty=100",,,TRUE,0
combat_2hsword_support_03,combat_2hsword_support_02,4,FALSE,FALSE,FALSE,FALSE,8000,3,0,combat_2hsword_support_02,,combat_general,120000,300000,,0,,,0,,"melee2hMindHit2,cert_sword_2h_scythe",private_twohandmelee_combat_difficulty=100,,,TRUE,0
combat_2hsword_support_04,combat_2hsword_support_03,4,FALSE,TRUE,FALSE,FALSE,9000,2,0,combat_2hsword_support_03,,combat_general,150000,300000,,0,,,0,,,"twohandmelee_accuracy=30,private_twohandmelee_combat_difficulty=125,counterattack=10",,,TRUE,0
combat_polearm,combat,4,FALSE,FALSE,TRUE,FALSE,0,0,0,,,,0,0,,0,,,0,,,,,,TRUE,0
combat_polearm_novice,combat_polearm,4,FALSE,TRUE,FALSE,FALSE,5000,6,0,combat_brawler_polearm_04,,combat_meleespecialize_polearm,125000,350000,,0,,,0,,"private_polearm_novice,polearmHit2,cert_lance_vibrolance","polearm_accuracy=20,polearm_speed=10,melee_defense=5,block=25,private_polearm_combat_difficulty=100,polearm_toughness=10,center_of_being_duration_polearm=5,polearm_center_of_being_efficacy=15",,,TRUE,0
combat_polearm_master,combat_polearm,4,FALSE,TRUE,FALSE,FALSE,10000,1,0,"combat_polearm_accuracy_04,combat_polearm_speed_04,combat_polearm_ability_04,combat_polearm_support_04",,,0,0,,0,,,0,,"private_polearm_master,polearmHit3,melee_damage_mitigation_3","polearm_toughness=5,polearm_accuracy=20,polearm_speed=10,melee_defense=15,ranged_defense=15,posture_change_down_defense=10,dizzy_defense=20,stun_defense=30,block=30,private_polearm_combat_difficulty=100,center_of_being_duration_polearm=5,polearm_center_of_being_efficacy=15",,,TRUE,0
combat_polearm_accuracy_01,combat_polearm,4,FALSE,FALSE,FALSE,FALSE,6000,5,0,combat_polearm_novice,,combat_meleespecialize_polearm,175000,500000,,0,,,0,,"private_polearm_accuracy_1,polearmStun2",private_polearm_combat_difficulty=125,,,TRUE,0
combat_polearm_accuracy_02,combat_polearm_accuracy_01,4,FALSE,FALSE,FALSE,FALSE,7000,4,0,combat_polearm_accuracy_01,,combat_meleespecialize_polearm,250000,700000,,0,,,0,,private_polearm_accuracy_2,"polearm_speed=15,private_polearm_combat_difficulty=100",,,TRUE,0
combat_polearm_accuracy_03,combat_polearm_accuracy_02,4,FALSE,FALSE,FALSE,FALSE,8000,3,0,combat_polearm_accuracy_02,,combat_meleespecialize_polearm,350000,900000,,0,,,0,,"private_polearm_accuracy_3,polearmSpinAttack2",private_polearm_combat_difficulty=100,,,TRUE,0
combat_polearm_accuracy_04,combat_polearm_accuracy_03,4,FALSE,TRUE,FALSE,FALSE,9000,2,0,combat_polearm_accuracy_03,,combat_meleespecialize_polearm,450000,900000,,0,,,0,,private_polearm_accuracy_4,"polearm_speed=15,private_polearm_combat_difficulty=125",,,TRUE,0
combat_polearm_speed_01,combat_polearm,4,FALSE,FALSE,FALSE,FALSE,6000,5,0,combat_polearm_novice,,combat_meleespecialize_polearm,175000,500000,,0,,,0,,polearmLegHit2,private_polearm_combat_difficulty=125,,,TRUE,0
combat_polearm_speed_02,combat_polearm_speed_01,4,FALSE,FALSE,FALSE,FALSE,7000,4,0,combat_polearm_speed_01,,combat_meleespecialize_polearm,250000,700000,,0,,,0,,polearmArea1,private_polearm_combat_difficulty=100,,,TRUE,0
combat_polearm_speed_03,combat_polearm_speed_02,4,FALSE,FALSE,FALSE,FALSE,8000,3,0,combat_polearm_speed_02,,combat_meleespecialize_polearm,350000,900000,,0,,,0,,polearmLegHit3,private_polearm_combat_difficulty=100,,,TRUE,0
combat_polearm_speed_04,combat_polearm_speed_03,4,FALSE,TRUE,FALSE,FALSE,9000,2,0,combat_polearm_speed_03,,combat_meleespecialize_polearm,450000,900000,,0,,,0,,polearmArea2,private_polearm_combat_difficulty=125,,,TRUE,0
combat_polearm_ability_01,combat_polearm,4,FALSE,FALSE,FALSE,FALSE,6000,5,0,combat_polearm_novice,,combat_meleespecialize_polearm,175000,500000,,0,,,0,,"polearmSweep1,melee_damage_mitigation_1","private_polearm_combat_difficulty=125,block=15,center_of_being_duration_polearm=2,polearm_center_of_being_efficacy=10",,,TRUE,0
combat_polearm_ability_02,combat_polearm_ability_01,4,FALSE,FALSE,FALSE,FALSE,7000,4,0,combat_polearm_ability_01,,combat_meleespecialize_polearm,250000,700000,,0,,,0,,,"melee_defense=5,ranged_defense=5,knockdown_defense=10,posture_change_down_defense=10,dizzy_defense=10,stun_defense=10,blind_defense=10,private_polearm_combat_difficulty=100,block=15,center_of_being_duration_polearm=2,polearm_center_of_being_efficacy=10",,,TRUE,0
combat_polearm_ability_03,combat_polearm_ability_02,4,FALSE,FALSE,FALSE,FALSE,8000,3,0,combat_polearm_ability_02,,combat_meleespecialize_polearm,350000,900000,,0,,,0,,"polearmSweep2,melee_damage_mitigation_2","private_polearm_combat_difficulty=100,block=15,center_of_being_duration_polearm=2,polearm_center_of_being_efficacy=10",,,TRUE,0
combat_polearm_ability_04,combat_polearm_ability_03,4,FALSE,TRUE,FALSE,FALSE,9000,2,0,combat_polearm_ability_03,,combat_meleespecialize_polearm,450000,900000,,0,,,0,,,"melee_defense=5,ranged_defense=5,knockdown_defense=10,posture_change_down_defense=10,dizzy_defense=10,stun_defense=10,blind_defense=10,block=15,private_polearm_combat_difficulty=125,polearm_toughness=4,center_of_being_duration_polearm=2,polearm_center_of_being_efficacy=10",,,TRUE,0
combat_polearm_support_01,combat_polearm,4,FALSE,FALSE,FALSE,FALSE,6000,5,0,combat_polearm_novice,,combat_general,60000,170000,,0,,,0,,polearmActionHit1,"private_polearm_combat_difficulty=125,polearm_toughness=4",,,TRUE,0
combat_polearm_support_02,combat_polearm_support_01,4,FALSE,FALSE,FALSE,FALSE,7000,4,0,combat_polearm_support_01,,combat_general,85000,240000,,0,,,0,,,"polearm_accuracy=30,private_polearm_combat_difficulty=100",,,TRUE,0
combat_polearm_support_03,combat_polearm_support_02,4,FALSE,FALSE,FALSE,FALSE,8000,3,0,combat_polearm_support_02,,combat_general,120000,300000,,0,,,0,,polearmActionHit2,private_polearm_combat_difficulty=100,,,TRUE,0
combat_polearm_support_04,combat_polearm_support_03,4,FALSE,TRUE,FALSE,FALSE,9000,2,0,combat_polearm_support_03,,combat_general,150000,300000,,0,,,0,,,"polearm_accuracy=30,private_polearm_combat_difficulty=125",,,TRUE,0
